{
    "f1": {
        "position": {
            "x": 1.5,
            "y": 0.25,
            "z": 22.0,
            "facing": "FrontLeft"
        },
        "roles": []
    },
    "viptp": {
        "position": {
            "x": 13.5,
            "y": 10.75,
            "z": 22.0,
            "facing": "FrontLeft"
        },
        "roles": [
            "mod",
            "owner",
            "vip"
        ]
    },
    "f2": {
        "position": {
            "x": 14.5,
            "y": 5.28000020980835,
            "z": 11.5,
            "facing": "FrontLeft"
        },
        "roles": []
    },
    "modtp": {
        "position": {
            "x": 16.0,
            "y": 17.25,
            "z": 21.5,
            "facing": "FrontLeft"
        },
        "roles": [
            "mod"
        ]
    },
    "dj": {
        "position": {
            "x": 15.5,
            "y": 19.25,
            "z": 2.5,
            "facing": "FrontRight"
        },
        "roles": [
            "owner"
        ]
    }
}