{
    "s_t_o_n_e_y__": {
        "amount": 20640,
        "vip": true
    },
    "demon_dxddy": {
        "amount": 0,
        "vip": true
    },
    "darkdevilmoon": {
        "amount": 0,
        "vip": true
    },
    "spring_flower_21": {
        "amount": 0,
        "vip": true
    },
    "smolkitkat": {
        "amount": 0,
        "vip": true
    },
    "its_kimi_": {
        "amount": 0,
        "vip": true
    },
    "miniteddybear": {
        "amount": 0,
        "vip": true
    },
    "daremedevil": {
        "amount": 0,
        "vip": true
    },
    "purplewolf69": {
        "amount": 100,
        "vip": true
    },
    "laurenlouiise": {
        "amount": 40,
        "vip": true
    },
    "erfan_org98": {
        "amount": 1,
        "vip": false
    },
    "22_000": {
        "amount": 1,
        "vip": true
    },
    "arianathatgirl123": {
        "amount": 0,
        "vip": true
    },
    "avawonder": {
        "amount": 0,
        "vip": true
    },
    "kingbooduhh": {
        "amount": 0,
        "vip": true
    },
    "genuinerex": {
        "amount": 0,
        "vip": true
    },
    "savageanubis": {
        "amount": 0,
        "vip": true
    },
    "urshorty_lil": {
        "amount": 0,
        "vip": true
    },
    "e_79": {
        "amount": 0,
        "vip": true
    },
    "lionesslove27": {
        "amount": 0,
        "vip": true
    },
    "stitchwithflair": {
        "amount": 0,
        "vip": true
    },
    "aztrec": {
        "amount": 0,
        "vip": true
    },
    "shiroyasha_kurayami420": {
        "amount": 0,
        "vip": true
    },
    "thedevilmademe_doit": {
        "amount": 0,
        "vip": true
    },
    "roaaaaz": {
        "amount": 0,
        "vip": true
    },
    "the_other_harley_quinn_": {
        "amount": 0,
        "vip": true
    },
    "iree__": {
        "amount": 0,
        "vip": true
    },
    "badbunnyxo22": {
        "amount": 0,
        "vip": true
    },
    "the_sleepy_panda": {
        "amount": 0,
        "vip": true
    },
    "hypn0t1cl1l1th": {
        "amount": 0,
        "vip": true
    },
    "_mrnobody_": {
        "amount": 0,
        "vip": true
    },
    "passionbookmark": {
        "amount": 0,
        "vip": true
    },
    "kiki._12": {
        "amount": 0,
        "vip": true
    },
    "queenerie": {
        "amount": 0,
        "vip": true
    }
}